门店名称,门店ID,商品名称,支付类型,子规格商品名,属性,商品条形码,商品一级分组,财务分组,订单号,下单日期,下单时间,结账日期,结账时间,单价,数量,单位,原单价格,优惠金额,实收金额（含抹零金额）,退款金额,折扣率,销售渠道,取餐码,桌台,实时库存,是否会员消费,会员名称,会员等级,会员实体卡号,下单人,开台人,商品备注,订单备注,
"慕味茶餐厅","171656","咖喱蟹1780","现金","","","","仅限云中庭","","3694452696","2025-03-14","23:25:04","2025-03-14","23:25:08","1780","1.000000000000000000","份","1780","0","1780","0","0.0000","收银机","","Y03","0","否","","","","YUN33233/云中庭收银","YUN33233/云中庭收银","","",
"慕味茶餐厅","171656","红烧牛肉面 58 Braised Beef Noodles 58","现金","","","","仅限云中庭","","3694452696","2025-03-14","23:25:04","2025-03-14","23:25:08","58","3.000000000000000000","份","174","0","174","0","0.0000","收银机","","Y03","0","否","","","","YUN33233/云中庭收银","YUN33233/云中庭收银","","",
"慕味茶餐厅","171656","一磅水果奶油蛋糕","现金","","","","","","3694452696","2025-03-14","23:25:04","2025-03-14","23:25:08","129","10.000000000000000000","份","1290","0","1290","0","0.0000","收银机","","Y03","0","否","","","","YUN33233/云中庭收银","YUN33233/云中庭收银","","",
"慕味茶餐厅","171656","马卡龙","现金","","","","VIP中餐","","3694452696","2025-03-14","23:25:04","2025-03-14","23:25:08","68","1.000000000000000000","份","68","0","68","0","0.0000","收银机","","Y03","0","否","","","","YUN33233/云中庭收银","YUN33233/云中庭收银","","",
"慕味茶餐厅","171656","牛肉披萨118","现金","","","","","","3694452696","2025-03-14","23:25:04","2025-03-14","23:25:08","118","1.000000000000000000","份","118","0","118","0","0.0000","收银机","","Y03","0","否","","","","YUN33233/云中庭收银","YUN33233/云中庭收银","","",
"慕味茶餐厅","171656","韩式炸鸡78 Korean Fried Chicken78","现金","","","","","","3694452696","2025-03-14","23:25:04","2025-03-14","23:25:08","78","1.000000000000000000","份","78","0","78","0","0.0000","收银机","","Y03","0","否","","","","YUN33233/云中庭收银","YUN33233/云中庭收银","","",
"慕味茶餐厅","171656","炸粗薯条38  French Fries  38","现金","","","","仅限云中庭","","3694452696","2025-03-14","23:25:04","2025-03-14","23:25:08","38","1.000000000000000000","份","38","0","38","0","0.0000","收银机","","Y03","0","否","","","","YUN33233/云中庭收银","YUN33233/云中庭收银","","",
"慕味茶餐厅","171656","肉炒小灰蘑小白菜","现金","","","","","","3694452696","2025-03-14","23:25:04","2025-03-14","23:25:08","68","1.000000000000000000","份","68","0","68","0","0.0000","收银机","","Y03","0","否","","","","YUN33233/云中庭收银","YUN33233/云中庭收银","","",
"慕味茶餐厅","171656","VIP 生炒广东菜心","现金","","","","VIP中餐","","3694452696","2025-03-14","23:25:04","2025-03-14","23:25:08","68","1.000000000000000000","份","68","0","68","0","0.0000","收银机","","Y03","0","否","","","","YUN33233/云中庭收银","YUN33233/云中庭收银","","",
"慕味茶餐厅","171656","姜汁炒青豆苗","现金","","","","中式热菜2","","3694452696","2025-03-14","23:25:04","2025-03-14","23:25:08","68","1.000000000000000000","份","68","0","68","0","0.0000","收银机","","Y03","0","否","","","","YUN33233/云中庭收银","YUN33233/云中庭收银","","",
"慕味茶餐厅","171656","差价1","现金","","","","VIP中餐","","3694432662","2025-03-14","23:19:27","2025-03-14","23:19:38","1","1.000000000000000000","份","1","0","1","0","0.0000","收银机","","Y01","0","否","","","","YUN33233/云中庭收银","YUN33233/云中庭收银","","",
"慕味茶餐厅","171656","果盘88","现金","","","","仅限云中庭","","3694432662","2025-03-14","23:19:27","2025-03-14","23:19:38","88","1.000000000000000000","份","88","0","88","0","0.0000","收银机","","Y01","0","否","","","","YUN33233/云中庭收银","YUN33233/云中庭收银","","",
"慕味茶餐厅","171656","素馅饼","现金","","","","VIP中餐","","3694432662","2025-03-14","23:19:27","2025-03-14","23:19:38","8","6.000000000000000000","份","48","0","48","0","0.0000","收银机","","Y01","0","否","","","","YUN33233/云中庭收银","YUN33233/云中庭收银","","",
"慕味茶餐厅","171656","黄油饼/个","现金","","","","精美港式主食","","3694432662","2025-03-14","23:19:27","2025-03-14","23:19:38","5","6.000000000000000000","份","30","0","30","0","0.0000","收银机","","Y01","0","否","","","","YUN33233/云中庭收银","YUN33233/云中庭收银","","",
"慕味茶餐厅","171656","小米粥5","现金","","","","VIP中餐","","3694432662","2025-03-14","23:19:27","2025-03-14","23:19:38","5","5.000000000000000000","份","25","0","25","0","0.0000","收银机","","Y01","0","否","","","","YUN33233/云中庭收银","YUN33233/云中庭收银","","",
"慕味茶餐厅","171656","油条28/根","现金","","","","精美港式主食","","3694432662","2025-03-14","23:19:27","2025-03-14","23:19:38","28","1.000000000000000000","份","28","0","28","0","0.0000","收银机","","Y01","0","否","","","","YUN33233/云中庭收银","YUN33233/云中庭收银","","",
"慕味茶餐厅","171656","长沙小炒肉","现金","","","","粤/湘菜","","3694432662","2025-03-14","23:19:27","2025-03-14","23:19:38","78","1.000000000000000000","份","78","0","78","0","0.0000","收银机","","Y01","0","否","","","","YUN33233/云中庭收银","YUN33233/云中庭收银","","",
"慕味茶餐厅","171656","韭香腰花","现金","","","","中式热菜2","","3694432662","2025-03-14","23:19:27","2025-03-14","23:19:38","128","1.000000000000000000","份","128","0","128","0","0.0000","收银机","","Y01","0","否","","","","YUN33233/云中庭收银","YUN33233/云中庭收银","","",
"慕味茶餐厅","171656","脆皮玻璃乳鸽/只","现金","","","","佐酒冷肴","","3694432662","2025-03-14","23:19:27","2025-03-14","23:19:38","78","1.000000000000000000","份","78","0","78","0","0.0000","收银机","","Y01","0","否","","","","YUN33233/云中庭收银","YUN33233/云中庭收银","","",
"慕味茶餐厅","171656","脆皮玻璃乳鸽/只","现金","","","","佐酒冷肴","","3694432662","2025-03-14","23:19:27","2025-03-14","23:19:38","78","1.000000000000000000","份","78","0","78","0","0.0000","收银机","","Y01","0","否","","","","YUN33233/云中庭收银","YUN33233/云中庭收银","","",
"慕味茶餐厅","171656","香椿虾仁炒土鸡蛋","现金","","","","中式热菜2","","3694432662","2025-03-14","23:19:27","2025-03-14","23:19:38","88","1.000000000000000000","份","88","0","88","0","0.0000","收银机","","Y01","0","否","","","","YUN33233/云中庭收银","YUN33233/云中庭收银","","",
"慕味茶餐厅","171656","锅包肉","现金","","","","粤/湘菜","","3694432662","2025-03-14","23:19:27","2025-03-14","23:19:38","68","1.000000000000000000","份","68","0","68","0","0.0000","收银机","","Y01","0","否","","","","YUN33233/云中庭收银","YUN33233/云中庭收银","","",
"慕味茶餐厅","171656","白玉凉瓜老鸭炖鱼翅","现金","","","","中式热菜2","","3694432662","2025-03-14","23:19:27","2025-03-14","23:19:38","138","5.000000000000000000","份","690","0","690","0","0.0000","收银机","","Y01","0","否","","","","YUN33233/云中庭收银","YUN33233/云中庭收银","","",
"慕味茶餐厅","171656","VIP 蘸酱菜","现金","","","","VIP中餐","","3694432662","2025-03-14","23:19:27","2025-03-14","23:19:38","58","1.000000000000000000","份","58","0","58","0","0.0000","收银机","","Y01","0","否","","","","YUN33233/云中庭收银","YUN33233/云中庭收银","","",
"慕味茶餐厅","171656","水萝卜拌粉丝","现金","","","","VIP中餐","","3694432662","2025-03-14","23:19:27","2025-03-14","23:19:38","58","1.000000000000000000","份","58","0","58","0","0.0000","收银机","","Y01","0","否","","","","YUN33233/云中庭收银","YUN33233/云中庭收银","","",
"慕味茶餐厅","171656","泉水手把肉/斤","现金","","","","粤/湘菜","","3694432662","2025-03-14","23:19:27","2025-03-14","23:19:38","118","1.000000000000000000","份","118","0","118","0","0.0000","收银机","","Y01","0","否","","","","YUN33233/云中庭收银","YUN33233/云中庭收银","","",
"慕味茶餐厅","171656","锅茶/份","现金","","","","位你而来","","3694432662","2025-03-14","23:19:27","2025-03-14","23:19:38","128","1.000000000000000000","份","128","0","128","0","0.0000","收银机","","Y01","0","否","","","","YUN33233/云中庭收银","YUN33233/云中庭收银","","",
"慕味茶餐厅","171656","九龙窠肉桂","现金","","","","云中庭中式茗茶","","3694432662","2025-03-14","23:19:27","2025-03-14","23:19:38","258","1.000000000000000000","份","258","0","258","0","0.0000","收银机","","Y01","0","否","","","","YUN33233/云中庭收银","YUN33233/云中庭收银","","",
"慕味茶餐厅","171656","酱猪头肉","现金","","","","中式热菜2","","3694432662","2025-03-14","23:19:27","2025-03-14","23:19:38","58","1.000000000000000000","份","58","0","58","0","0.0000","收银机","","Y01","0","否","","","","YUN33233/云中庭收银","YUN33233/云中庭收银","","",
"慕味茶餐厅","171656","传统酱牛肉","现金","","","","","","3694432662","2025-03-14","23:19:27","2025-03-14","23:19:38","88","1.000000000000000000","例","88","0","88","0","0.0000","收银机","","Y01","0","否","","","","YUN33233/云中庭收银","YUN33233/云中庭收银","","",
"慕味茶餐厅","171656","把肉茄子","现金","","","","仅限云中庭","","3694432662","2025-03-14","23:19:27","2025-03-14","23:19:38","138","1.000000000000000000","份","138","0","138","0","0.0000","收银机","","Y01","0","否","","","","YUN33233/云中庭收银","YUN33233/云中庭收银","","",
"慕味茶餐厅","171656","芦笋炒桂花鱼","现金","","","","仅限云中庭","","3694432662","2025-03-14","23:19:27","2025-03-14","23:19:38","368","1.000000000000000000","份","368","0","368","0","0.0000","收银机","","Y01","0","否","","","","YUN33233/云中庭收银","YUN33233/云中庭收银","","",
"慕味茶餐厅","171656","九龙窠肉桂","现金","","","","云中庭中式茗茶","","3694383405","2025-03-14","23:37:00","2025-03-14","23:37:05","258","1.000000000000000000","份","258","0","258","0","0.0000","收银机","","Y04","0","否","","","","YUN33233/云中庭收银","YUN33233/云中庭收银","","",
"慕味茶餐厅","171656","九龙窠肉桂","现金","","","","云中庭中式茗茶","","3694383405","2025-03-14","23:37:00","2025-03-14","23:37:05","258","1.000000000000000000","份","258","0","258","0","0.0000","收银机","","Y04","0","否","","","","YUN33233/云中庭收银","YUN33233/云中庭收银","","",
"慕味茶餐厅","171656","有糖杏仁露","现金","","","","茶水&酒水&软饮","","3694268231","2025-03-14","22:24:22","2025-03-14","22:24:29","15","1.000000000000000000","瓶","15","5.1","9.9","0","0.3400","收银机","","Y04","0","否","","","","YUN33233/云中庭收银","YUN33233/云中庭收银","","",
"慕味茶餐厅","171656","巧克力香橙蛋糕","现金","","","","云中庭甜品小屋","","3694268231","2025-03-14","22:24:22","2025-03-14","22:24:29","32","1.000000000000000000","份","32","10.9","21.1","0","0.3406","收银机","","Y04","0","否","","","","YUN33233/云中庭收银","YUN33233/云中庭收银","","",
"慕味茶餐厅","171656","玉桂提子卷-线上3.9","现金","","","","仅限云中庭","","3694168887","2025-03-14","22:23:42","2025-03-14","22:23:45","3.9","3.000000000000000000","份","11.7","0","11.7","0","0.0000","收银机","","Y07","0","否","","","","YUN33233/云中庭收银","YUN33233/云中庭收银","","",
"慕味茶餐厅","171656","白米饭","现金","","","","精美港式主食","","3694158905","2025-03-14","22:23:59","2025-03-14","22:24:01","5","2.000000000000000000","碗","10","0","10","0","0.0000","收银机","","Y03","0","否","","","","YUN33233/云中庭收银","YUN33233/云中庭收银","","",
"慕味茶餐厅","171656","茅荆坝矿泉水","现金","","","","茶水&酒水&软饮","","3694116082","2025-03-14","22:58:56","2025-03-14","22:59:13","8","4.000000000000000000","瓶","32","0.06","31.94","0","0.0019","收银机","","行政","0","否","","","","SR263541/S","SR263541/S","","",
"慕味茶餐厅","171656","VIP雪碧","现金","","","","VIP中餐","","3694116082","2025-03-14","22:58:56","2025-03-14","22:59:13","12","3.000000000000000000","份","36","0.06","35.94","0","0.0017","收银机","","行政","0","否","","","","SR263541/S","SR263541/S","","",
"慕味茶餐厅","171656","沙棘汁/中","现金","","","","VIP中餐","","3694116082","2025-03-14","22:58:56","2025-03-14","22:59:13","15","2.000000000000000000","份","30","0.05","29.95","0","0.0017","收银机","","行政","0","否","","","","SR263541/S","SR263541/S","","",
"慕味茶餐厅","171656","屈臣氏苏打水","现金","","","","烧烤","","3694116082","2025-03-14","22:58:56","2025-03-14","22:59:13","25","20.000000000000000000","份","500","0.95","499.05","0","0.0019","收银机","","行政","0","否","","","","SR263541/S","SR263541/S","","",
"慕味茶餐厅","171656","黄瓜雪梨汁","现金","","","","中式热菜2","","3694116082","2025-03-14","22:58:56","2025-03-14","22:59:13","168","6.000000000000000000","份","1008","1.91","1006.09","0","0.0019","收银机","","行政","0","否","","","","SR263541/S","SR263541/S","","",
"慕味茶餐厅","171656","蟹黄芙蓉鸡片","现金","","","","中式热菜2","","3694116082","2025-03-14","21:41:11","2025-03-14","22:59:13","198","1.000000000000000000","份","198","0.37","197.63","0","0.0019","收银机","","行政","0","否","","","","SR263541/S","SR263541/S","","",
"慕味茶餐厅","171656","水果拼盘/例","现金","","","","VIP中餐","","3694116082","2025-03-14","21:41:11","2025-03-14","22:59:13","68","1.000000000000000000","份","68","0.12","67.88","0","0.0018","收银机","","行政","0","否","","","","SR263541/S","SR263541/S","","",
"慕味茶餐厅","171656","养颜木瓜雪耳糖水（赠）","现金","","","","位你而来","","3694116082","2025-03-14","21:41:11","2025-03-14","22:59:13","28","10.000000000000000000","份","280","0.53","279.47","0","0.0019","收银机","","行政","0","否","","","","SR263541/S","SR263541/S","","",
"慕味茶餐厅","171656","水果（位上）","现金","","","","餐后甜品","","3694116082","2025-03-14","21:41:11","2025-03-14","22:59:13","28","10.000000000000000000","份","280","0.53","279.47","0","0.0019","收银机","","行政","0","否","","","","SR263541/S","SR263541/S","","",
"慕味茶餐厅","171656","油条28/根","现金","","","","精美港式主食","","3694116082","2025-03-14","21:41:11","2025-03-14","22:59:13","28","2.000000000000000000","份","56","0.1","55.9","0","0.0018","收银机","","行政","0","否","","","","SR263541/S","SR263541/S","","",
"慕味茶餐厅","171656","上海菜饭","现金","","","","中式热菜2","","3694116082","2025-03-14","21:41:11","2025-03-14","22:59:13","98","1.000000000000000000","份","98","0.18","97.82","0","0.0018","收银机","","行政","0","否","","","","SR263541/S","SR263541/S","","",
"慕味茶餐厅","171656","姜汁炒青豆苗","现金","","","","中式热菜2","","3694116082","2025-03-14","21:41:11","2025-03-14","22:59:13","68","1.000000000000000000","份","68","0.12","67.88","0","0.0018","收银机","","行政","0","否","","","","SR263541/S","SR263541/S","","",
"慕味茶餐厅","171656","胡椒莲藕猪手浸虾滑","现金","","","","中式热菜2","","3694116082","2025-03-14","21:41:11","2025-03-14","22:59:13","168","1.000000000000000000","份","168","0.31","167.69","0","0.0018","收银机","","行政","0","否","","","","SR263541/S","SR263541/S","","",
"慕味茶餐厅","171656","韭香腰花","现金","","","","中式热菜2","","3694116082","2025-03-14","21:41:11","2025-03-14","22:59:13","128","1.000000000000000000","份","128","0.24","127.76","0","0.0019","收银机","","行政","0","否","","","","SR263541/S","SR263541/S","","",
"慕味茶餐厅","171656","香煎银鳕鱼柠檬黄油汁","现金","","","","中式热菜2","","3694116082","2025-03-14","21:41:11","2025-03-14","22:59:13","998","1.000000000000000000","份","998","1.89","996.11","0","0.0019","收银机","","行政","0","否","","","","SR263541/S","SR263541/S","","",
"慕味茶餐厅","171656","鲜芦笋爆海南眼睛螺","现金","","","","中式热菜2","","3694116082","2025-03-14","21:41:11","2025-03-14","22:59:13","198","1.000000000000000000","份","198","0.37","197.63","0","0.0019","收银机","","行政","0","否","","","","SR263541/S","SR263541/S","","",
"慕味茶餐厅","171656","客家盐h手撕鸡","现金","","","","中式热菜2","","3694116082","2025-03-14","21:41:11","2025-03-14","22:59:13","238","1.000000000000000000","份","238","0.45","237.55","0","0.0019","收银机","","行政","0","否","","","","SR263541/S","SR263541/S","","",
"慕味茶餐厅","171656","黄豆嘴煎安格斯牛肉","现金","","","","中式热菜2","","3694116082","2025-03-14","21:41:11","2025-03-14","22:59:13","198","1.000000000000000000","份","198","0.37","197.63","0","0.0019","收银机","","行政","0","否","","","","SR263541/S","SR263541/S","","",
"慕味茶餐厅","171656","甜蜜豆鸡枞菌煎东星斑球","现金","","","","中式热菜2","","3694116082","2025-03-14","21:41:11","2025-03-14","22:59:13","1688","1.000000000000000000","份","1688","3.2","1684.8","0","0.0019","收银机","","行政","0","否","","","","SR263541/S","SR263541/S","","",
"慕味茶餐厅","171656","帝皇蟹三食","现金","","","","中式热菜2","","3694116082","2025-03-14","21:41:11","2025-03-14","22:59:13","5988","1.000000000000000000","份","5988","11.73","5976.27","0","0.0020","收银机","","行政","0","否","","","","SR263541/S","SR263541/S","","",
"慕味茶餐厅","171656","白玉凉瓜老鸭炖鱼翅","现金","","","","中式热菜2","","3694116082","2025-03-14","21:41:11","2025-03-14","22:59:13","138","10.000000000000000000","份","1380","2.62","1377.38","0","0.0019","收银机","","行政","0","否","","","","SR263541/S","SR263541/S","","",
"慕味茶餐厅","171656","西点60","现金","","","","VIP中餐","","3694116082","2025-03-14","21:41:11","2025-03-14","22:59:13","98","1.000000000000000000","份","98","0.18","97.82","0","0.0018","收银机","","行政","0","否","","","","SR263541/S","SR263541/S","","",
"慕味茶餐厅","171656","VIP四调味","现金","","","","中式热菜2","","3694116082","2025-03-14","21:41:11","2025-03-14","22:59:13","0","1.000000000000000000","份","0","0","0","0","0","收银机","","行政","0","否","","","","SR263541/S","SR263541/S","","",
"慕味茶餐厅","171656","炝拌海鲜菇","现金","","","","中式热菜2","","3694116082","2025-03-14","21:41:11","2025-03-14","22:59:13","68","1.000000000000000000","份","68","0.12","67.88","0","0.0018","收银机","","行政","0","否","","","","SR263541/S","SR263541/S","","",
"慕味茶餐厅","171656","黑松露素烧鹅","现金","","","","中式热菜2","","3694116082","2025-03-14","21:41:11","2025-03-14","22:59:13","88","1.000000000000000000","份","88","0.16","87.84","0","0.0018","收银机","","行政","0","否","","","","SR263541/S","SR263541/S","","",
"慕味茶餐厅","171656","手工豆瓣慕斯","现金","","","","中式热菜2","","3694116082","2025-03-14","21:41:11","2025-03-14","22:59:13","68","1.000000000000000000","份","68","0.12","67.88","0","0.0018","收银机","","行政","0","否","","","","SR263541/S","SR263541/S","","",
"慕味茶餐厅","171656","拌章丘鲍芹","现金","","","","中式热菜2","","3694116082","2025-03-14","21:41:11","2025-03-14","22:59:13","78","1.000000000000000000","份","78","0.14","77.86","0","0.0018","收银机","","行政","0","否","","","","SR263541/S","SR263541/S","","",
"慕味茶餐厅","171656","麻椒冰镇火箭鱿鱼","现金","","","","中式热菜2","","3694116082","2025-03-14","21:41:11","2025-03-14","22:59:13","298","1.000000000000000000","份","298","0.56","297.44","0","0.0019","收银机","","行政","0","否","","","","SR263541/S","SR263541/S","","",
"慕味茶餐厅","171656","温拌鲍鱼","现金","","","","中式热菜2","","3694116082","2025-03-14","21:41:11","2025-03-14","22:59:13","298","1.000000000000000000","份","298","0.56","297.44","0","0.0019","收银机","","行政","0","否","","","","SR263541/S","SR263541/S","","",
"慕味茶餐厅","171656","鲜啤10元","现金","","","","仅限云中庭","","3693686012","2025-03-14","22:03:47","2025-03-14","22:03:55","10","2.000000000000000000","份","20","0","20","0","0.0000","收银机","","贵宾接待室","0","否","","","","SR263541/S","SR263541/S","","补单不做",
"慕味茶餐厅","171656","差价1","现金","","","","VIP中餐","","3693686012","2025-03-14","19:36:36","2025-03-14","22:03:55","1","576.000000000000000000","份","576","0","576","0","0.0000","收银机","","贵宾接待室","0","否","","","","SR263541/S","SR263541/S","","补单不做",
"慕味茶餐厅","171656","拨面8","现金","","","","VIP中餐","","3693686012","2025-03-14","19:36:36","2025-03-14","22:03:55","8","40.000000000000000000","份","320","0","320","0","0.0000","收银机","","贵宾接待室","0","否","","","","SR263541/S","SR263541/S","","补单不做",
"慕味茶餐厅","171656","VIP奶豆腐饼","现金","","","","VIP中餐","","3693686012","2025-03-14","19:36:36","2025-03-14","22:03:55","68","4.000000000000000000","份","272","0","272","0","0.0000","收银机","","贵宾接待室","0","否","","","","SR263541/S","SR263541/S","","补单不做",
"慕味茶餐厅","171656","VIP对夹","现金","","","","VIP中餐","","3693686012","2025-03-14","19:36:36","2025-03-14","22:03:55","8","40.000000000000000000","份","320","0","320","0","0.0000","收银机","","贵宾接待室","0","否","","","","SR263541/S","SR263541/S","","补单不做",
"慕味茶餐厅","171656","荷塘小炒/例","现金","","","","VIP中餐","","3693686012","2025-03-14","19:36:36","2025-03-14","22:03:55","68","4.000000000000000000","份","272","0","272","0","0.0000","收银机","","贵宾接待室","0","否","","","","SR263541/S","SR263541/S","","补单不做",
"慕味茶餐厅","171656","京葱烧红蘑","现金","","","","粤/湘菜","","3693686012","2025-03-14","19:36:36","2025-03-14","22:03:55","68","4.000000000000000000","份","272","0","272","0","0.0000","收银机","","贵宾接待室","0","否","","","","SR263541/S","SR263541/S","","补单不做",
"慕味茶餐厅","171656","VIP 锅包肉","现金","","","","VIP中餐","","3693686012","2025-03-14","19:36:36","2025-03-14","22:03:55","68","4.000000000000000000","份","272","0","272","0","0.0000","收银机","","贵宾接待室","0","否","","","","SR263541/S","SR263541/S","","补单不做",
"慕味茶餐厅","171656","羊盘肠品羊肉肠","现金","","","","宴会","","3693686012","2025-03-14","19:36:36","2025-03-14","22:03:55","218","4.000000000000000000","份","872","0","872","0","0.0000","收银机","","贵宾接待室","0","否","","","","SR263541/S","SR263541/S","","补单不做",
"慕味茶餐厅","171656","VIP农家火锅菜","现金","","","","VIP中餐","","3693686012","2025-03-14","19:36:36","2025-03-14","22:03:55","158","4.000000000000000000","份","632","0","632","0","0.0000","收银机","","贵宾接待室","0","否","","","","SR263541/S","SR263541/S","","补单不做",
"慕味茶餐厅","171656","新疆萝卜炖牛小排","现金","","","","中式热菜2","","3693686012","2025-03-14","19:36:36","2025-03-14","22:03:55","188","4.000000000000000000","份","752","0","752","0","0.0000","收银机","","贵宾接待室","0","否","","","","SR263541/S","SR263541/S","","补单不做",
"慕味茶餐厅","171656","VIP泉水手把肉","现金","","","","VIP中餐","","3693686012","2025-03-14","19:36:36","2025-03-14","22:03:55","358","4.000000000000000000","份","1432","0","1432","0","0.0000","收银机","","贵宾接待室","0","否","","","","SR263541/S","SR263541/S","","补单不做",
"慕味茶餐厅","171656","鲜淮山手剥虾","现金","","","","粤/湘菜","","3693686012","2025-03-14","19:36:36","2025-03-14","22:03:55","118","4.000000000000000000","份","472","0","472","0","0.0000","收银机","","贵宾接待室","0","否","","","","SR263541/S","SR263541/S","","补单不做",
"慕味茶餐厅","171656","扇贝（黄椒酱粉丝蒸，陈皮鼓汁蒸）时令/只","现金","","","","推荐（海鲜&粤）","","3693686012","2025-03-14","19:36:36","2025-03-14","22:03:55","28","40.000000000000000000","份","1120","0","1120","0","0.0000","收银机","","贵宾接待室","0","否","","","","SR263541/S","SR263541/S","","补单不做",
"慕味茶餐厅","171656","多宝鱼（陈皮鼓汁，清蒸，黄椒酱）时令","现金","","","","推荐（海鲜&粤）","","3693686012","2025-03-14","19:36:36","2025-03-14","22:03:55","188","4.000000000000000000","份","752","0","752","0","0.0000","收银机","","贵宾接待室","0","否","","","","SR263541/S","SR263541/S","","补单不做",
"慕味茶餐厅","171656","水果拼盘/例","现金","","","","VIP中餐","","3693686012","2025-03-14","19:36:36","2025-03-14","22:03:55","68","4.000000000000000000","份","272","0","272","0","0.0000","收银机","","贵宾接待室","0","否","","","","SR263541/S","SR263541/S","","补单不做",
"慕味茶餐厅","171656","VIP四调味","现金","","","","中式热菜2","","3693686012","2025-03-14","19:36:36","2025-03-14","22:03:55","0","4.000000000000000000","份","0","0","0","0","0","收银机","","贵宾接待室","0","否","","","","SR263541/S","SR263541/S","","补单不做",
"慕味茶餐厅","171656","香辣牛板筋58 Spicy Beef Rib 58","现金","","","","仅限云中庭","","3693686012","2025-03-14","19:36:36","2025-03-14","22:03:55","58","4.000000000000000000","份","232","0","232","0","0.0000","收银机","","贵宾接待室","0","否","","","","SR263541/S","SR263541/S","","补单不做",
"慕味茶餐厅","171656","醒味健康时蔬","现金","","","","佐酒冷肴","","3693686012","2025-03-14","19:36:36","2025-03-14","22:03:55","58","4.000000000000000000","份","232","0","232","0","0.0000","收银机","","贵宾接待室","0","否","","","","SR263541/S","SR263541/S","","补单不做",
"慕味茶餐厅","171656","VIP 酱香拼盘","现金","","","","VIP中餐","","3693686012","2025-03-14","19:36:36","2025-03-14","22:03:55","138","4.000000000000000000","份","552","0","552","0","0.0000","收银机","","贵宾接待室","0","否","","","","SR263541/S","SR263541/S","","补单不做",
"慕味茶餐厅","171656","杏仁水芹苗/例","现金","","","","VIP中餐","","3693686012","2025-03-14","19:36:36","2025-03-14","22:03:55","38","4.000000000000000000","份","152","0","152","0","0.0000","收银机","","贵宾接待室","0","否","","","","SR263541/S","SR263541/S","","补单不做",
"慕味茶餐厅","171656","VIP酥米奶嚼口","现金","","","","VIP中餐","","3693686012","2025-03-14","19:36:36","2025-03-14","22:03:55","58","4.000000000000000000","份","232","0","232","0","0.0000","收银机","","贵宾接待室","0","否","","","","SR263541/S","SR263541/S","","补单不做",
"慕味茶餐厅","171656","VIP白家熏鸡","现金","","","","VIP中餐","","3693686012","2025-03-14","19:36:36","2025-03-14","22:03:55","98","4.000000000000000000","份","392","0","392","0","0.0000","收银机","","贵宾接待室","0","否","","","","SR263541/S","SR263541/S","","补单不做",
"慕味茶餐厅","171656","广式腊味熊猫饭/小煲","现金","","","","精美港式主食","","3693676206","2025-03-14","20:40:40","2025-03-14","21:35:59","68","1.000000000000000000","份","68","0","68","0","0.0000","收银机","","B2","0","否","","","","SR263541/S","SR263541/S","","",
"慕味茶餐厅","171656","橙汁","现金","","","","云中庭新西式菜单","","3693676206","2025-03-14","20:39:42","2025-03-14","21:35:59","38","1.000000000000000000","份","38","0","38","0","0.0000","收银机","","B2","0","否","","","","SR263541/S","SR263541/S","","",
"慕味茶餐厅","171656","屈臣氏苏打水","现金","","","","烧烤","","3693676206","2025-03-14","19:55:44","2025-03-14","21:35:59","25","2.000000000000000000","份","50","0","50","0","0.0000","收银机","","B2","0","否","","","","SR263541/S","SR263541/S","","",
"慕味茶餐厅","171656","醒味健康时蔬","现金","","","","佐酒冷肴","","3693676206","2025-03-14","19:47:51","2025-03-14","21:35:59","58","1.000000000000000000","份","58","0","58","0","0.0000","收银机","","B2","0","否","","","","SR263541/S","SR263541/S","","",
"慕味茶餐厅","171656","橙汁/扎","现金","","","","仅限云中庭","","3693676206","2025-03-14","19:41:42","2025-03-14","21:35:59","88","1.000000000000000000","份","88","0","88","0","0.0000","收银机","","B2","0","否","","","","SR263541/S","SR263541/S","","",
"慕味茶餐厅","171656","豆豉鲮鱼油麦菜","现金","","","","粤/湘菜","","3693676206","2025-03-14","19:41:42","2025-03-14","21:35:59","58","1.000000000000000000","份","58","0","58","0","0.0000","收银机","","B2","0","否","","","","SR263541/S","SR263541/S","","",
"慕味茶餐厅","171656","锅包肉","现金","","","","粤/湘菜","","3693676206","2025-03-14","19:41:42","2025-03-14","21:35:59","68","1.000000000000000000","份","68","0","68","0","0.0000","收银机","","B2","0","否","","","","SR263541/S","SR263541/S","","",
"慕味茶餐厅","171656","当红脆皮鸡/半只","现金","","","","佐酒冷肴","","3693676206","2025-03-14","19:41:42","2025-03-14","21:35:59","128","1.000000000000000000","份","128","0","128","0","0.0000","收银机","","B2","0","否","","","","SR263541/S","SR263541/S","","",
"慕味茶餐厅","171656","屈臣氏苏打水","现金","","","","烧烤","","3693583544","2025-03-14","19:54:05","2025-03-14","20:13:42","25","1.000000000000000000","份","25","1.13","23.87","0","0.0452","收银机","","B9","0","否","","","","SR263541/S","SR263541/S","","扇贝黄椒酱粉丝蒸，老虎斑小葱h",
"慕味茶餐厅","171656","普通冰淇淋球","现金","","","","仅限云中庭","","3693583544","2025-03-14","19:25:47","2025-03-14","20:13:42","12","2.000000000000000000","份","24","1.08","22.92","0","0.0450","收银机","","B9","0","否","","","","SR263541/S","SR263541/S","","扇贝黄椒酱粉丝蒸，老虎斑小葱h",
"慕味茶餐厅","171656","当红脆皮鸡/半只","现金","","","","佐酒冷肴","","3693583544","2025-03-14","19:11:11","2025-03-14","20:13:42","128","1.000000000000000000","份","128","5.79","122.21","0","0.0452","收银机","","B9","0","否","","","","SR263541/S","SR263541/S","","扇贝黄椒酱粉丝蒸，老虎斑小葱h",
"慕味茶餐厅","171656","西瓜汁","现金","","","","VIP中餐","","3693583544","2025-03-14","18:57:19","2025-03-14","20:13:42","98","1.000000000000000000","份","98","4.43","93.57","0","0.0452","收银机","","B9","0","否","","","","SR263541/S","SR263541/S","","扇贝黄椒酱粉丝蒸，老虎斑小葱h",
"慕味茶餐厅","171656","菌皇熊猫饭","现金","","","","精美港式主食","","3693583544","2025-03-14","18:57:19","2025-03-14","20:13:42","68","1.000000000000000000","份","68","3.08","64.92","0","0.0453","收银机","","B9","0","否","","","","SR263541/S","SR263541/S","","扇贝黄椒酱粉丝蒸，老虎斑小葱h",
"慕味茶餐厅","171656","鱼香茄子煲","现金","","","","粤/湘菜","","3693583544","2025-03-14","18:57:19","2025-03-14","20:13:42","68","1.000000000000000000","份","68","3.08","64.92","0","0.0453","收银机","","B9","0","否","","","","SR263541/S","SR263541/S","","扇贝黄椒酱粉丝蒸，老虎斑小葱h",
"慕味茶餐厅","171656","扇贝（黄椒酱粉丝蒸，陈皮鼓汁蒸）时令/只","现金","","","","推荐（海鲜&粤）","","3693583544","2025-03-14","18:57:19","2025-03-14","20:13:42","28","5.000000000000000000","份","140","6.34","133.66","0","0.0453","收银机","","B9","0","否","","","","SR263541/S","SR263541/S","","扇贝黄椒酱粉丝蒸，老虎斑小葱h",
"慕味茶餐厅","171656","当红脆皮鸡/半只","现金","","","","佐酒冷肴","","3693583544","2025-03-14","18:57:19","2025-03-14","20:13:42","128","1.000000000000000000","份","128","5.79","122.21","0","0.0452","收银机","","B9","0","否","","","","SR263541/S","SR263541/S","","扇贝黄椒酱粉丝蒸，老虎斑小葱h",
"慕味茶餐厅","171656","黄油饼/个","现金","","","","精美港式主食","","3693583544","2025-03-14","18:57:19","2025-03-14","20:13:42","5","4.000000000000000000","份","20","0.9","19.1","0","0.0450","收银机","","B9","0","否","","","","SR263541/S","SR263541/S","","扇贝黄椒酱粉丝蒸，老虎斑小葱h",
"慕味茶餐厅","171656","藤椒鱿鱼圈","现金","","","","粤/湘菜","","3693583544","2025-03-14","18:57:19","2025-03-14","20:13:42","158","1.000000000000000000","份","158","7.15","150.85","0","0.0453","收银机","","B9","0","否","","","","SR263541/S","SR263541/S","","扇贝黄椒酱粉丝蒸，老虎斑小葱h",
"慕味茶餐厅","171656","凤梨ò哺袼古Ｈ","现金","","","","粤/湘菜","","3693583544","2025-03-14","18:57:19","2025-03-14","20:13:42","198","1.000000000000000000","份","198","8.96","189.04","0","0.0453","收银机","","B9","0","否","","","","SR263541/S","SR263541/S","","扇贝黄椒酱粉丝蒸，老虎斑小葱h",
"慕味茶餐厅","171656","干炒牛河","现金","","","","粤/湘菜","","3693583544","2025-03-14","18:57:19","2025-03-14","20:13:42","48","1.000000000000000000","份","48","2.17","45.83","0","0.0452","收银机","","B9","0","否","","","","SR263541/S","SR263541/S","","扇贝黄椒酱粉丝蒸，老虎斑小葱h",
"慕味茶餐厅","171656","老虎斑（盘龙蒸，芙蓉美果蒸，小葱h）时令","现金","","","","推荐（海鲜&粤）","","3693583544","2025-03-14","18:57:19","2025-03-14","20:13:42","428","1.000000000000000000","份","428","19.48","408.52","0","0.0455","收银机","","B9","0","否","","","","SR263541/S","SR263541/S","","扇贝黄椒酱粉丝蒸，老虎斑小葱h",
"慕味茶餐厅","171656","风味浓郁酱萝卜","现金","","","","佐酒冷肴","","3693583544","2025-03-14","18:57:19","2025-03-14","20:13:42","38","1.000000000000000000","份","38","1.72","36.28","0","0.0453","收银机","","B9","0","否","","","","SR263541/S","SR263541/S","","扇贝黄椒酱粉丝蒸，老虎斑小葱h",
"慕味茶餐厅","171656","会议","现金","","","","宴会","","3693379393","2025-03-14","18:39:30","2025-03-14","18:39:36","7000","1.000000000000000000","份","7000","0","7000","0","0.0000","收银机","","宴会一厅","0","否","","","","SR263541/S","SR263541/S","","",
"慕味茶餐厅","171656","打包盒","现金","","","","杂项","","3693267468","2025-03-14","19:15:47","2025-03-14","19:15:53","1","2.000000000000000000","份","2","0","2","0","0.0000","收银机","","A9","0","否","","","","SR263541/S","SR263541/S","","",
"慕味茶餐厅","171656","经典可乐","现金","","","","茶水&酒水&软饮","","3693267468","2025-03-14","18:44:00","2025-03-14","19:15:53","12","1.000000000000000000","听","12","0","12","0","0.0000","收银机","","A9","0","否","","","","SR263541/S","SR263541/S","","",
"慕味茶餐厅","171656","广式腊味熊猫饭/小煲","现金","","","","精美港式主食","","3693267468","2025-03-14","18:37:46","2025-03-14","19:15:53","68","1.000000000000000000","份","68","0","68","0","0.0000","收银机","","A9","0","否","","","","SR263541/S","SR263541/S","","",
"慕味茶餐厅","171656","18秒小炒黄牛肉","现金","","","","粤/湘菜","","3693267468","2025-03-14","18:37:46","2025-03-14","19:15:53","108","1.000000000000000000","份","108","0","108","0","0.0000","收银机","","A9","0","否","","","","SR263541/S","SR263541/S","","",
"慕味茶餐厅","171656","碧螺春/杯","现金","","","","云中庭中式茗茶","","3693176861","2025-03-14","17:50:22","2025-03-14","17:50:25","58","1.000000000000000000","份","58","0","58","0","0.0000","收银机","","Y05","0","否","","","","YUN33233/云中庭收银","YUN33233/云中庭收银","","",
"慕味茶餐厅","171656","碧螺春/杯","现金","","","","云中庭中式茗茶","","3693176861","2025-03-14","17:50:22","2025-03-14","17:50:25","58","1.000000000000000000","份","58","0","58","0","0.0000","收银机","","Y05","0","否","","","","YUN33233/云中庭收银","YUN33233/云中庭收银","","",
"慕味茶餐厅","171656","掼蛋扑克","现金","","","","仅限云中庭","","3693157417","2025-03-14","17:50:58","2025-03-14","17:51:04","30","1.000000000000000000","份","30","0","30","0","0.0000","收银机","","Y02","0","否","","","","YUN33233/云中庭收银","YUN33233/云中庭收银","","",
"慕味茶餐厅","171656","掼蛋扑克","现金","","","","仅限云中庭","","3693157417","2025-03-14","17:50:58","2025-03-14","17:51:04","30","1.000000000000000000","份","30","0","30","0","0.0000","收银机","","Y02","0","否","","","","YUN33233/云中庭收银","YUN33233/云中庭收银","","",
"慕味茶餐厅","171656","掼蛋扑克","现金","","","","仅限云中庭","","3693157417","2025-03-14","17:50:58","2025-03-14","17:51:04","30","1.000000000000000000","份","30","0","30","0","0.0000","收银机","","Y02","0","否","","","","YUN33233/云中庭收银","YUN33233/云中庭收银","","",
"慕味茶餐厅","171656","扑克10","现金","","","","杂项","","3693157417","2025-03-14","17:50:58","2025-03-14","17:51:04","10","1.000000000000000000","份","10","0","10","0","0.0000","收银机","","Y02","0","否","","","","YUN33233/云中庭收银","YUN33233/云中庭收银","","",
"慕味茶餐厅","171656","扑克10","现金","","","","杂项","","3693157417","2025-03-14","17:50:58","2025-03-14","17:51:04","10","1.000000000000000000","份","10","0","10","0","0.0000","收银机","","Y02","0","否","","","","YUN33233/云中庭收银","YUN33233/云中庭收银","","",
"慕味茶餐厅","171656","软中华","现金","","","","仅限云中庭","","3693146797","2025-03-14","17:49:31","2025-03-14","17:49:35","98","1.000000000000000000","份","98","0","98","0","0.0000","收银机","","Y04","0","否","","","","YUN33233/云中庭收银","YUN33233/云中庭收银","","",
"慕味茶餐厅","171656","健力士黑啤","现金","","","","仅限云中庭","","3693057789","2025-03-14","17:51:18","2025-03-14","17:51:23","28","1.000000000000000000","份","28","0","28","0","0.0000","收银机","","Y07","0","否","","","","YUN33233/云中庭收银","YUN33233/云中庭收银","","",
"慕味茶餐厅","171656","养生润肺雪梨糖水（赠）","现金","","","","位你而来","","3692809417","2025-03-14","19:41:58","2025-03-14","19:42:03","0","6.000000000000000000","份","0","0","0","0","0","收银机","","501餐室","0","否","","","","SR263541/S","SR263541/S","","补单不做",
"慕味茶餐厅","171656","茅荆坝矿泉水","现金","","","","茶水&酒水&软饮","","3692809417","2025-03-14","19:41:35","2025-03-14","19:42:03","8","6.000000000000000000","瓶","48","0","48","0","0.0000","收银机","","501餐室","0","否","","","","SR263541/S","SR263541/S","","补单不做",
"慕味茶餐厅","171656","燕京u8/中","现金","","","","VIP中餐","","3692809417","2025-03-14","19:41:35","2025-03-14","19:42:03","19","12.000000000000000000","份","228","0","228","0","0.0000","收银机","","501餐室","0","否","","","","SR263541/S","SR263541/S","","补单不做",
"慕味茶餐厅","171656","VIP有糖杏仁露","现金","","","","VIP中餐","","3692809417","2025-03-14","19:41:35","2025-03-14","19:42:03","15","6.000000000000000000","份","90","0","90","0","0.0000","收银机","","501餐室","0","否","","","","SR263541/S","SR263541/S","","补单不做",
"慕味茶餐厅","171656","差价1","现金","","","","VIP中餐","","3692809417","2025-03-14","17:40:34","2025-03-14","19:42:03","1","45.000000000000000000","份","45","0","45","0","0.0000","收银机","","501餐室","0","否","","","","SR263541/S","SR263541/S","","补单不做",
"慕味茶餐厅","171656","水果（位上）","现金","","","","餐后甜品","","3692809417","2025-03-14","17:40:34","2025-03-14","19:42:03","12","6.000000000000000000","份","72","0","72","0","0.0000","收银机","","501餐室","0","否","","","","SR263541/S","SR263541/S","","补单不做",
"慕味茶餐厅","171656","VIP小米锅巴","现金","","","","VIP中餐","","3692809417","2025-03-14","17:40:34","2025-03-14","19:42:03","28","1.000000000000000000","份","28","0","28","0","0.0000","收银机","","501餐室","0","否","","","","SR263541/S","SR263541/S","","补单不做",
"慕味茶餐厅","171656","水果拼盘58","现金","","","","仅限云中庭","","3692809417","2025-03-14","17:40:34","2025-03-14","19:42:03","58","1.000000000000000000","份","58","0","58","0","0.0000","收银机","","501餐室","0","否","","","","SR263541/S","SR263541/S","","补单不做",
"慕味茶餐厅","171656","VIP四调味","现金","","","","中式热菜2","","3692809417","2025-03-14","17:40:34","2025-03-14","19:42:03","0","1.000000000000000000","份","0","0","0","0","0","收银机","","501餐室","0","否","","","","SR263541/S","SR263541/S","","补单不做",
"慕味茶餐厅","171656","VIP煎粘豆包","现金","","","","VIP中餐","","3692809417","2025-03-14","17:40:34","2025-03-14","19:42:03","5","1.000000000000000000","份","5","0","5","0","0.0000","收银机","","501餐室","0","否","","","","SR263541/S","SR263541/S","","补单不做",
"慕味茶餐厅","171656","vip玉米面条","现金","","","","VIP中餐","","3692809417","2025-03-14","17:40:34","2025-03-14","19:42:03","5","6.000000000000000000","份","30","0","30","0","0.0000","收银机","","501餐室","0","否","","","","SR263541/S","SR263541/S","","补单不做",
"慕味茶餐厅","171656","VIP 荞面蒸饺","现金","","","","VIP中餐","","3692809417","2025-03-14","17:40:34","2025-03-14","19:42:03","58","1.000000000000000000","份","58","0","58","0","0.0000","收银机","","501餐室","0","否","","","","SR263541/S","SR263541/S","","补单不做",
"慕味茶餐厅","171656","VIP桂花奶豆腐","现金","","","","VIP中餐","","3692809417","2025-03-14","17:40:34","2025-03-14","19:42:03","58","1.000000000000000000","份","58","0","58","0","0.0000","收银机","","501餐室","0","否","","","","SR263541/S","SR263541/S","","补单不做",
"慕味茶餐厅","171656","鲜淮山手剥虾","现金","","","","粤/湘菜","","3692809417","2025-03-14","17:40:34","2025-03-14","19:42:03","118","1.000000000000000000","份","118","0","118","0","0.0000","收银机","","501餐室","0","否","","","","SR263541/S","SR263541/S","","补单不做",
"慕味茶餐厅","171656","VIP 克旗白蘑炖小笨鸡","现金","","","","VIP中餐","","3692809417","2025-03-14","17:40:34","2025-03-14","19:42:03","298","1.000000000000000000","份","298","0","298","0","0.0000","收银机","","501餐室","0","否","","","","SR263541/S","SR263541/S","","补单不做",
"慕味茶餐厅","171656","VIP 羊盘肠拼肉肠肚包肉","现金","","","","VIP中餐","","3692809417","2025-03-14","17:40:34","2025-03-14","19:42:03","258","1.000000000000000000","份","258","0","258","0","0.0000","收银机","","501餐室","0","否","","","","SR263541/S","SR263541/S","","补单不做",
"慕味茶餐厅","171656","VIP泉水手把肉","现金","","","","VIP中餐","","3692809417","2025-03-14","17:40:34","2025-03-14","19:42:03","358","1.000000000000000000","份","358","0","358","0","0.0000","收银机","","501餐室","0","否","","","","SR263541/S","SR263541/S","","补单不做",
"慕味茶餐厅","171656","新疆萝卜炖牛小排","现金","","","","中式热菜2","","3692809417","2025-03-14","17:40:34","2025-03-14","19:42:03","188","1.000000000000000000","份","188","0","188","0","0.0000","收银机","","501餐室","0","否","","","","SR263541/S","SR263541/S","","补单不做",
"慕味茶餐厅","171656","蒜蓉粉丝大连鲍","现金","","","","宴会","","3692809417","2025-03-14","17:40:34","2025-03-14","19:42:03","38","6.000000000000000000","份","228","0","228","0","0.0000","收银机","","501餐室","0","否","","","","SR263541/S","SR263541/S","","补单不做",
"慕味茶餐厅","171656","老虎斑（盘龙蒸，芙蓉美果蒸，小葱h）时令","现金","","","","推荐（海鲜&粤）","","3692809417","2025-03-14","17:40:34","2025-03-14","19:42:03","428","1.000000000000000000","份","428","0","428","0","0.0000","收银机","","501餐室","0","否","","","","SR263541/S","SR263541/S","","补单不做",
"慕味茶餐厅","171656","养生松茸汤（位上）","现金","","","","位你而来","","3692809417","2025-03-14","17:40:34","2025-03-14","19:42:03","68","6.000000000000000000","份","408","0","408","0","0.0000","收银机","","501餐室","0","否","","","","SR263541/S","SR263541/S","","补单不做",
"慕味茶餐厅","171656","碧玉手拨青豆","现金","","","","中式热菜2","","3692809417","2025-03-14","17:40:34","2025-03-14","19:42:03","58","1.000000000000000000","份","58","0","58","0","0.0000","收银机","","501餐室","0","否","","","","SR263541/S","SR263541/S","","补单不做",
"慕味茶餐厅","171656","桃仁苦苣","现金","","","","VIP中餐","","3692809417","2025-03-14","17:40:34","2025-03-14","19:42:03","38","1.000000000000000000","份","38","0","38","0","0.0000","收银机","","501餐室","0","否","","","","SR263541/S","SR263541/S","","补单不做",
"慕味茶餐厅","171656","VIP 酱香拼盘","现金","","","","VIP中餐","","3692809417","2025-03-14","17:40:34","2025-03-14","19:42:03","138","1.000000000000000000","份","138","0","138","0","0.0000","收银机","","501餐室","0","否","","","","SR263541/S","SR263541/S","","补单不做",
"慕味茶餐厅","171656","流亭猪手拼皮冻","现金","","","","中式热菜2","","3692809417","2025-03-14","17:40:34","2025-03-14","19:42:03","128","1.000000000000000000","份","128","0","128","0","0.0000","收银机","","501餐室","0","否","","","","SR263541/S","SR263541/S","","补单不做",
"慕味茶餐厅","171656","马迭尔 线上5.9","现金","","","","仅限云中庭","","3692513185","2025-03-14","14:52:41","2025-03-14","14:52:44","5.9","1.000000000000000000","份","5.9","0","5.9","0","0.0000","收银机","","Y04","0","否","","","","YUN33233/云中庭收银","YUN33233/云中庭收银","","",
"慕味茶餐厅","171656","牛角-线上3.9","现金","","","","仅限云中庭","","3692513185","2025-03-14","14:52:41","2025-03-14","14:52:44","3.9","3.000000000000000000","份","11.7","0","11.7","0","0.0000","收银机","","Y04","0","否","","","","YUN33233/云中庭收银","YUN33233/云中庭收银","","",
"慕味茶餐厅","171656","玉桂提子卷-线上3.9","现金","","","","仅限云中庭","","3692513185","2025-03-14","14:52:41","2025-03-14","14:52:44","3.9","3.000000000000000000","份","11.7","0","11.7","0","0.0000","收银机","","Y04","0","否","","","","YUN33233/云中庭收银","YUN33233/云中庭收银","","",
"慕味茶餐厅","171656","至尊海鲜披萨128","现金","","","","仅限云中庭","","3692483726","2025-03-14","14:53:42","2025-03-14","14:53:46","128","1.000000000000000000","份","128","0","128","0","0.0000","收银机","","0803","0","否","","","","YUN33233/云中庭收银","YUN33233/云中庭收银","","",
"慕味茶餐厅","171656","本地开胃菜","现金","","","","仅限云中庭","","3692483726","2025-03-14","14:53:42","2025-03-14","14:53:46","48","1.000000000000000000","份","48","0","48","0","0.0000","收银机","","0803","0","否","","","","YUN33233/云中庭收银","YUN33233/云中庭收银","","",
"慕味茶餐厅","171656","橄榄油蒜香煎大虾88 Fried Prawns 88","现金","","","","仅限云中庭","","3692483726","2025-03-14","14:53:42","2025-03-14","14:53:46","88","1.000000000000000000","份","88","0","88","0","0.0000","收银机","","0803","0","否","","","","YUN33233/云中庭收银","YUN33233/云中庭收银","","",
"慕味茶餐厅","171656","冬阴功海鲜汤58","现金","","","","仅限云中庭","","3692483726","2025-03-14","14:53:42","2025-03-14","14:53:46","58","1.000000000000000000","份","58","0","58","0","0.0000","收银机","","0803","0","否","","","","YUN33233/云中庭收银","YUN33233/云中庭收银","","",
"慕味茶餐厅","171656","小青柑","现金","","","","云中庭中式茗茶","","3692473390","2025-03-14","14:49:20","2025-03-14","14:49:47","258","1.000000000000000000","份","258","22.25","235.75","0","0.0862","收银机","","Y01","0","否","","","","YUN33233/云中庭收银","YUN33233/云中庭收银","","",
"慕味茶餐厅","171656","果盘88","现金","","","","仅限云中庭","","3692473390","2025-03-14","14:49:20","2025-03-14","14:49:47","88","1.000000000000000000","份","88","7.57","80.43","0","0.0860","收银机","","Y01","0","否","","","","YUN33233/云中庭收银","YUN33233/云中庭收银","","",
"慕味茶餐厅","171656","花生曲奇","现金","","","","云中庭甜品小屋","","3692473390","2025-03-14","14:49:20","2025-03-14","14:49:47","36","1.000000000000000000","份","36","3.09","32.91","0","0.0858","收银机","","Y01","0","否","","","","YUN33233/云中庭收银","YUN33233/云中庭收银","","",
"慕味茶餐厅","171656","黄油曲奇","现金","","","","云中庭甜品小屋","","3692473390","2025-03-14","14:49:20","2025-03-14","14:49:47","36","1.000000000000000000","份","36","3.09","32.91","0","0.0858","收银机","","Y01","0","否","","","","YUN33233/云中庭收银","YUN33233/云中庭收银","","",
"慕味茶餐厅","171656","芝士蛋糕","现金","","","","仅限云中庭","","3692454201","2025-03-14","14:57:38","2025-03-14","14:57:45","288","1.000000000000000000","份","288","144","144","0","0.5000","收银机","","Y04","0","否","","","","YUN33233/云中庭收银","YUN33233/云中庭收银","","",
"慕味茶餐厅","171656","金骏眉","现金","","","","云中庭中式茗茶","","3692423620","2025-03-14","14:50:25","2025-03-14","14:50:36","288","1.000000000000000000","份","288","16.01","271.99","0","0.0556","收银机","","Y02","0","否","","","","YUN33233/云中庭收银","YUN33233/云中庭收银","","",
"慕味茶餐厅","171656","杏仁曲奇","现金","","","","云中庭甜品小屋","","3692423620","2025-03-14","14:50:25","2025-03-14","14:50:36","36","1.000000000000000000","份","36","1.99","34.01","0","0.0553","收银机","","Y02","0","否","","","","YUN33233/云中庭收银","YUN33233/云中庭收银","","",
"慕味茶餐厅","171656","肠仔面包10","现金","","","","云中庭甜品小屋","","3692314096","2025-03-14","14:50:56","2025-03-14","14:51:02","10","1.000000000000000000","份","10","5","5","0","0.5000","收银机","","Y05","0","否","","","","YUN33233/云中庭收银","YUN33233/云中庭收银","","",
"慕味茶餐厅","171656","打包盒","现金","","","","杂项","","3692256484","2025-03-14","13:57:32","2025-03-14","14:23:36","1","5.000000000000000000","份","5","0.44","4.56","0","0.0880","收银机","","B9","0","否","","","","SR263541/S","SR263541/S","","补单不做",
"慕味茶餐厅","171656","茅荆坝矿泉水","现金","","","","茶水&酒水&软饮","","3692256484","2025-03-14","13:57:32","2025-03-14","14:23:36","8","5.000000000000000000","瓶","40","3.54","36.46","0","0.0885","收银机","","B9","0","否","","","","SR263541/S","SR263541/S","","补单不做",
"慕味茶餐厅","171656","菌皇熊猫饭","现金","","","","精美港式主食","","3692256484","2025-03-14","13:57:32","2025-03-14","14:23:36","68","1.000000000000000000","份","68","6.01","61.99","0","0.0884","收银机","","B9","0","否","","","","SR263541/S","SR263541/S","","补单不做",
"慕味茶餐厅","171656","咸柠檬芫茜头炖瘦肉（位上）","现金","","","","位你而来","","3692256484","2025-03-14","13:57:32","2025-03-14","14:23:36","58","4.000000000000000000","份","232","20.65","211.35","0","0.0890","收银机","","B9","0","否","","","","SR263541/S","SR263541/S","","补单不做",
"慕味茶餐厅","171656","黄油饼/个","现金","","","","精美港式主食","","3692256484","2025-03-14","13:57:32","2025-03-14","14:23:36","5","6.000000000000000000","份","30","2.65","27.35","0","0.0883","收银机","","B9","0","否","","","","SR263541/S","SR263541/S","","补单不做",
"慕味茶餐厅","171656","陈皮红豆沙","现金","","","","餐后甜品","","3692256484","2025-03-14","13:57:32","2025-03-14","14:23:36","9","3.000000000000000000","份","27","2.38","24.62","0","0.0881","收银机","","B9","0","否","","","","SR263541/S","SR263541/S","","补单不做",
"慕味茶餐厅","171656","大丰收","现金","","","","佐酒冷肴","","3692256484","2025-03-14","13:57:32","2025-03-14","14:23:36","58","1.000000000000000000","份","58","5.13","52.87","0","0.0884","收银机","","B9","0","否","","","","SR263541/S","SR263541/S","","补单不做",
"慕味茶餐厅","171656","鲈鱼（小葱h/清蒸）时令","现金","","","","推荐（海鲜&粤）","","3692256484","2025-03-14","13:57:32","2025-03-14","14:23:36","168","1.000000000000000000","份","168","14.86","153.14","0","0.0885","收银机","","B9","0","否","","","","SR263541/S","SR263541/S","","补单不做",
"慕味茶餐厅","171656","水煮牛肉","现金","","","","粤/湘菜","","3692256484","2025-03-14","13:57:32","2025-03-14","14:23:36","78","1.000000000000000000","份","78","6.9","71.1","0","0.0885","收银机","","B9","0","否","","","","SR263541/S","SR263541/S","","补单不做",
"慕味茶餐厅","171656","高山酸菜小笋","现金","","","","粤/湘菜","","3692256484","2025-03-14","13:57:32","2025-03-14","14:23:36","88","1.000000000000000000","份","88","7.78","80.22","0","0.0884","收银机","","B9","0","否","","","","SR263541/S","SR263541/S","","补单不做",
"慕味茶餐厅","171656","鲜淮山手剥虾","现金","","","","粤/湘菜","","3692256484","2025-03-14","13:57:32","2025-03-14","14:23:36","118","1.000000000000000000","份","118","10.44","107.56","0","0.0885","收银机","","B9","0","否","","","","SR263541/S","SR263541/S","","补单不做",
"慕味茶餐厅","171656","金蒜粉丝蒸开边虾","现金","","","","粤/湘菜","","3692256484","2025-03-14","13:57:32","2025-03-14","14:23:36","98","1.000000000000000000","份","98","8.67","89.33","0","0.0885","收银机","","B9","0","否","","","","SR263541/S","SR263541/S","","补单不做",
"慕味茶餐厅","171656","生蚝（黄椒酱粉丝蒸，蒜蓉粉丝蒸）时令/只","现金","","","","推荐（海鲜&粤）","","3692256484","2025-03-14","13:57:32","2025-03-14","14:23:36","38","4.000000000000000000","份","152","13.45","138.55","0","0.0885","收银机","","B9","0","否","","","","SR263541/S","SR263541/S","","补单不做",
"慕味茶餐厅","171656","锅包肉","现金","","","","粤/湘菜","","3692152789","2025-03-14","13:29:34","2025-03-14","14:22:48","68","1.000000000000000000","份","68","0","68","0","0.0000","收银机","","B9","0","否","","","","SR263541/S","SR263541/S","","",
"慕味茶餐厅","171656","水煮牛肉","现金","","","","粤/湘菜","","3692152789","2025-03-14","13:29:34","2025-03-14","14:22:48","78","1.000000000000000000","份","78","0","78","0","0.0000","收银机","","B9","0","否","","","","SR263541/S","SR263541/S","","",
"慕味茶餐厅","171656","豆豉鲮鱼油麦菜","现金","","","","粤/湘菜","","3692152789","2025-03-14","13:31:04","2025-03-14","14:22:48","58","1.000000000000000000","份","58","0","58","0","0.0000","收银机","","B9","0","否","","","","SR263541/S","SR263541/S","","",
"慕味茶餐厅","171656","油盐水姜茸蒸翘嘴鱼/半条","现金","","","","粤/湘菜","","3692152789","2025-03-14","13:31:04","2025-03-14","14:22:48","128","1.000000000000000000","份","128","0","128","0","0.0000","收银机","","B9","0","否","","","","SR263541/S","SR263541/S","","",
"慕味茶餐厅","171656","醋溜白菜","现金","","","","粤/湘菜","","3692152789","2025-03-14","13:31:04","2025-03-14","14:22:48","42","1.000000000000000000","份","42","0","42","0","0.0000","收银机","","B9","0","否","","","","SR263541/S","SR263541/S","","",
"慕味茶餐厅","171656","京葱烧红蘑","现金","","","","粤/湘菜","","3692152789","2025-03-14","13:31:04","2025-03-14","14:22:48","68","1.000000000000000000","份","68","0","68","0","0.0000","收银机","","B9","0","否","","","","SR263541/S","SR263541/S","","",
"慕味茶餐厅","171656","拨面-大碗","现金","","","","精美港式主食","","3692152789","2025-03-14","13:31:04","2025-03-14","14:22:48","10","7.000000000000000000","份","70","0","70","0","0.0000","收银机","","B9","0","否","","","","SR263541/S","SR263541/S","","",
"慕味茶餐厅","171656","酸菜油脂啦水饺","现金","","","","精美港式主食","","3692152789","2025-03-14","13:31:04","2025-03-14","14:22:48","38","2.000000000000000000","份","76","0","76","0","0.0000","收银机","","B9","0","否","","","","SR263541/S","SR263541/S","","",
"慕味茶餐厅","171656","打包盒","现金","","","","杂项","","3692061269","2025-03-14","12:32:02","2025-03-14","12:32:05","1","5.000000000000000000","份","5","0","5","0","0.0000","收银机","","A1","0","否","","","","SR263541/S","SR263541/S","","",
"慕味茶餐厅","171656","红烧豆腐","现金","","","","中式热菜2","","3692061269","2025-03-14","12:32:02","2025-03-14","12:32:05","58","1.000000000000000000","份","58","0","58","0","0.0000","收银机","","A1","0","否","","","","SR263541/S","SR263541/S","","",
"慕味茶餐厅","171656","白米饭","现金","","","","精美港式主食","","3692061269","2025-03-14","12:32:02","2025-03-14","12:32:05","5","1.000000000000000000","碗","5","0","5","0","0.0000","收银机","","A1","0","否","","","","SR263541/S","SR263541/S","","",
"慕味茶餐厅","171656","滋补炖辽参","现金","","","","中式热菜2","","3692061269","2025-03-14","12:32:02","2025-03-14","12:32:05","168","1.000000000000000000","份","168","0","168","0","0.0000","收银机","","A1","0","否","","","","SR263541/S","SR263541/S","","",
"慕味茶餐厅","171656","VIP 草原馅饼","现金","","","","VIP中餐","","3692061269","2025-03-14","12:32:02","2025-03-14","12:32:05","38","1.000000000000000000","份","38","0","38","0","0.0000","收银机","","A1","0","否","","","","SR263541/S","SR263541/S","","",
"慕味茶餐厅","171656","vip黑米粥 4","现金","","","","VIP中餐","","3692061269","2025-03-14","12:32:02","2025-03-14","12:32:05","28","1.000000000000000000","份","28","0","28","0","0.0000","收银机","","A1","0","否","","","","SR263541/S","SR263541/S","","",
"慕味茶餐厅","171656","餐前开胃菜","现金","","","","佐酒冷肴","","3692061269","2025-03-14","12:32:02","2025-03-14","12:32:05","5","2.000000000000000000","碟","10","0","10","0","0.0000","收银机","","A1","0","否","","","","SR263541/S","SR263541/S","","",
"慕味茶餐厅","171656","VIP五花肉酸菜丝","现金","","","","VIP中餐","","3692061269","2025-03-14","12:32:02","2025-03-14","12:32:05","68","1.000000000000000000","份","68","0","68","0","0.0000","收银机","","A1","0","否","","","","SR263541/S","SR263541/S","","",
"慕味茶餐厅","171656","打包盒","现金","","","","杂项","","3691883240","2025-03-14","12:36:28","2025-03-14","12:36:31","1","6.000000000000000000","份","6","0","6","0","0.0000","收银机","","A1","0","否","","","","SR263541/S","SR263541/S","","",
"慕味茶餐厅","171656","vip家常饼 8","现金","","","","VIP中餐","","3691883240","2025-03-14","12:36:28","2025-03-14","12:36:31","8","8.000000000000000000","份","64","0","64","0","0.0000","收银机","","A1","0","否","","","","SR263541/S","SR263541/S","","",
"慕味茶餐厅","171656","小炒湖南攸县香干","现金","","","","粤/湘菜","","3691883240","2025-03-14","12:36:28","2025-03-14","12:36:31","58","1.000000000000000000","份","58","0","58","0","0.0000","收银机","","A1","0","否","","","","SR263541/S","SR263541/S","","",
"慕味茶餐厅","171656","炸丸子","现金","","","","中式热菜2","","3691883240","2025-03-14","12:36:28","2025-03-14","12:36:31","128","1.000000000000000000","份","128","0","128","0","0.0000","收银机","","A1","0","否","","","","SR263541/S","SR263541/S","","",
"慕味茶餐厅","171656","山白菜炖豆腐粉","现金","","","","中式热菜2","","3691883240","2025-03-14","12:36:28","2025-03-14","12:36:31","58","1.000000000000000000","份","58","0","58","0","0.0000","收银机","","A1","0","否","","","","SR263541/S","SR263541/S","","",
"慕味茶餐厅","171656","白米饭","现金","","","","精美港式主食","","3691653808","2025-03-14","12:01:46","2025-03-14","12:27:33","5","1.000000000000000000","碗","5","0","5","0","0.0000","收银机","","1521","0","否","","","","SR263541/S","SR263541/S","","",
"慕味茶餐厅","171656","豉味黑叉烧（半份）","现金","","","","佐酒冷肴","","3691653808","2025-03-14","12:01:46","2025-03-14","12:27:33","88","1.000000000000000000","份","88","0","88","0","0.0000","收银机","","1521","0","否","","","","SR263541/S","SR263541/S","","",
"慕味茶餐厅","171656","宫保大千虾球","现金","","","","粤/湘菜","","3691653808","2025-03-14","12:01:46","2025-03-14","12:27:33","128","1.000000000000000000","份","128","0","128","0","0.0000","收银机","","1521","0","否","","","","SR263541/S","SR263541/S","","",
"慕味茶餐厅","171656","小炒湖南攸县香干","现金","","","","粤/湘菜","","3691653808","2025-03-14","12:01:46","2025-03-14","12:27:33","58","1.000000000000000000","份","58","0","58","0","0.0000","收银机","","1521","0","否","","","","SR263541/S","SR263541/S","","",
"慕味茶餐厅","171656","房包早餐","现金","","","","ADD早餐","","3690739934","2025-03-14","09:04:07","2025-03-14","09:04:11","60","110.000000000000000000","个","6600","0","6600","0","0.0000","收银机","","A1","0","否","","","","SR263541/S","SR263541/S","","",
"慕味茶餐厅","171656","协议早餐","现金","","","","ADD早餐","","3690732956","2025-03-14","08:05:07","2025-03-14","08:05:11","80","1.000000000000000000","个","80","0","80","0","0.0000","收银机","","A1","0","否","","","","SR263541/S","SR263541/S","","",
"慕味茶餐厅","171656","协议早餐","现金","","","","ADD早餐","","3690636656","2025-03-14","08:32:54","2025-03-14","08:32:58","80","2.000000000000000000","个","160","0","160","0","0.0000","收银机","","A1","0","否","","","","SR263541/S","SR263541/S","","",
"慕味茶餐厅","171656","协议早餐","现金","","","","ADD早餐","","3690349422","2025-03-14","07:35:56","2025-03-14","07:36:00","80","2.000000000000000000","个","160","0","160","0","0.0000","收银机","","A1","0","否","","","","SR263541/S","SR263541/S","","",
"汇总","","","","","","","","","","","","","","165.43","1305.000","","56236","421","55815","0","0.0075","","","","","","","","","","","","",
